Name,Race,Grade,Rarity,Phys,Fire,Ice,Elec,Force,Light,Dark,6★ HP,6★ Strength,6★ Magic,6★ Vitality,6★ Agility,6★ Luck,Skill 1,Skill 2,Skill 3,Clear Awaken,Red Awaken,Yellow Awaken,Purple Awaken,Teal Awaken,Red Gacha,Yellow Gacha,Purple Gacha,Teal Gacha,Type,PATK,PDEF,MATK,MDEF
Metatron,Herald,99,5,,rs,rs,rs,rs,nu,,1140,176,210,164,129,122,Holy Wrath,Infinite Chakra,Fire of Sinai,Enduring Soul,Mahamadyne,Offensive Cry,Mana Gain,Repel Elec,Spirit Drain,Maragidyne,Maziodyne,Resist Phys,Attack,699,598,770,609
Lucifer,Tyrant,98,5,rs,,,,,wk,rp,1136,176,186,163,152,132,Megidolaon,Trisagion,Morning Star,Vitality Amp III,Mind Blast,Recarmdra,Butcher,Drain Light,Vitality Amp III,Null Charm,Evil Gaze,Marin Karion,Attack,699,597,672,590
Vishnu,Deity,97,5,,wk,ab,,,nu,nu,1037,152,208,142,117,152,Bufudyne,Holy Wrath,Avatar,Mudodyne,Megidolaon,War Dance,Null Mute,Repel Dark,Hellfire,Null Bind,Wind Breath,Resist Fire,Attack,649,562,720,590
Yoshitsune,Hero,97,5,rs,,,,,nu,nu,1089,198,132,153,163,152,Vorpal Blade,Mana Aid,Hassou Tobi,Enduring Soul,Gigantomachia,Tetrakarn,Phys Amp,Drain Phys,God's Hand,Auto-Sukuka,Savage Glee,Resist Ice,Attack,745,597,607,564
Mother Harlot,Fiend,95,5,nu,,,dr,wk,rs,rs,1131,91,207,162,128,184,Mana Gain,Empress' Libido,Babylon Goblet,Magic Amp III,Deathtouch,Debilitate,Deadly Charm,Drain Phys,Tetra Shift,Infernal Mask,Insanity,Makara Shift,Support,521,553,764,611
Trumpeter,Fiend,94,5,,,,,,nu,nu,1032,121,207,141,160,162,Concentrate,Soul Drain,Apocalypse,Mahamakajamaon,Judgement,Demon Birth Cry,Auto-Rakuga,Resist Phys,Evade,Auto-Tarunda,Trisagion,Resist Fire,Attack,584,545,764,588
Shiva,Fury,93,5,rs,ab,wk,ab,,,,1032,229,151,141,160,152,Serial Killer,Vorpal Blade,Pralaya,Null Charm,God's Hand,Rebellion,Evade,Drain Ice,Strength Amp III,Mortal Jihad,Binge Eating,Resist Force,Attack,810,599,647,560
Michael,Herald,90,5,,,nu,nu,,rp,wk,1028,183,183,140,158,120,Life Aid,Soul Judgement,Megidolaon,Endure,Thunderclap,Mediarahan,Hellish Mask,Repel Dark,Titanomachia,Magic Amp III,Ziodyne,Null Bind,Attack,714,575,714,575
Mara,Tyrant,90,5,,,wk,ab,,rs,rs,934,228,109,120,136,172,Null Bind,Titanomachia,Hell Thrust,Megaton Raid,Soul Drain,Charge,Phys Pierce,Null Ice,Strength Amp III,Great Aim,Phys Boost,Resist Phys,Attack,808,576,558,516
Alice,Fiend,89,5,,,,,,wk,rp,1023,98,217,139,147,172,Mamudoon,Mudodyne,Die for Me!,Soul Drain,Hell Gaze,Necro Dogma,Dark Amp,Repel Light,Glacial Blast,Epic Recovery,Wild Instinct,Thunder Reign,Attack,535,531,785,591
Huang Di,Hero,88,5,,rs,rs,rs,rs,,,1023,194,129,139,146,150,Hades Blast,Superior Power,Yinlong Killer,Life Aid,Berserker God,Salvation,Null Charm,Repel Light,Auto-Taraka,Null Phys,Serial Killer,Infernal Mask,Attack,737,579,600,547
Huang Long,Dragon,88,5,,rs,rs,rs,rs,nu,,1173,50,194,171,192,159,Agility Amp II,Megidolaon,Five Elements ,Life Aid,Energy Drain,Luster Candy,Speedster,Null Dark,Magic Amp III,Serial Killer,Hell Gaze,Enduring Soul,Support,435,543,737,615
Rama,Hero,86,5,,nu,rs,,,,,1117,139,193,159,145,139,Mabufudyne,Drain Pierce,Brahma Sutra,Hades Blast,Energy Drain,Luster Candy,Ice Pierce,Drain Ice,Mana Aid,Concentrate,Ice Age,Null Mute,Attack,621,574,735,601
Alilat,Entity,85,5,rs,,,,,rs,rs,1220,50,170,181,145,181,Megidola,Infernal Mask,Repel Pierce,Diarahan,,,,,,,,,Support,435,554,687,614
Lakshmi,Megami,85,5,,,,,wk,rs,nu,924,88,248,118,145,170,Diarahan,Twister,Lotus Dance,Mana Gain,Killing Wind,Makarakarn,Insanity,Null Force,Ziodyne,Auto-Rakunda,Null Weak,Evil Gaze,Support,514,503,850,583
Zaou-Gongen,Fury,85,5,nu,rp,,wk,,rs,rs,1065,193,170,148,123,148,Maragidyne,God's Hand,Kongo Zaou,Enduring Soul,Herculean Strike,Rebellion,Fire Amp,Drain Phys,Strength Amp III,Auto-Taraka,Hellfire,Death Counter,Attack,735,589,687,577
Barong,Avatar,84,5,rs,,,nu,wk,nu,wk,1018,158,128,138,178,170,Mazionga,Bolt Storm,Barong Dance,Endure,Thunder Reign,Recarmdra,Elec Amp,Null Dark,Bufudyne,Mahashibaboo,Vitality Amp III,Resist Force,Support,661,560,598,545
Samael,Fallen,84,5,,,,wk,,rp,rp,1169,88,202,170,134,158,Mana Aid,Salvation,God's Malice,Death Counter,Purgatory,Tetrakarn,Infinite Chakra,Null Fire,Fire Breath,Mudodyne,Wind Breath,Recovery Boost,Support,514,561,754,618
Seth,Vile,84,5,,wk,,nu,nu,,ab,971,248,89,128,134,170,Zandyne,Debilitate,Ouas,Titanomachia,Bleeder,Nocturne,Force Amp,Resist Fire,Sweet Bite,Luck Amp III,Vorpal Blade,Assassin,Attack,850,594,516,515
Mastema,Herald,83,5,,wk,nu,,rp,rp,,1060,97,201,147,133,170,Judgement Light,Binding Cry,Trial of Hate,Mana Gain,Ice Age,Makajamaon,Light Amp,Repel Ice,Killing Wind,Madness,Hamadyne,Resist Elec,Attack,533,540,752,592
Siegfried,Hero,83,5,ab,,,,,,,1060,201,117,147,133,147,Berserker God,Rebellion,Arms Mastery,Life Aid,Titanomachia,Charge,Enduring Soul,Null Force,Great Aim,Auto-Sukunda,Myriad Arrows,Resist Dark,Attack,752,592,575,550
Thor,Kishin,83,5,rs,nu,,ab,wk,rs,,1169,201,180,170,133,117,Megaton Raid,Charge,Mjolnir,Maziodyne,Gigantomachia,Rebellion,Elec Pierce,Repel Fire,Mahamadyne,Auto-Rakuga,Elec Boost,Resist Force,Attack,752,617,708,607
Asherah,Lady,83,5,,nu,wk,,nu,,wk,1479,117,192,236,112,138,Mediarama,Mother's Creation,Maragion,Sea of Chaos,Trisagion,Silent Prayer,Recovery Amp,Repel Ice,Vitality Amp III,Null Bind,Luck Amp III,Resist Dark,Heal,575,648,733,685
Ananta,Snake,83,5,,,nu,nu,wk,nu,,1169,117,170,170,154,138,Diarahan,Auto-Sukuka,Auto-Rakuga,Holy Wrath,Mabufudyne,Mahapoismaon,Auto-Taraka,Drain Ice,Gigantomachia,Deadly Poison,Mazandyne,Resist Force,Support,575,575,687,602
Surt,Tyrant,83,5,,ab,wk,,,,,1112,201,147,158,92,147,Berserker God,Tetra Shift,Ragnarok,Intimidating Stance,Maragidyne,Lydia,Fire Pierce,Null Ice,Hellfire,Magic Amp III,Fire Boost,Eat Whole,Attack,752,604,638,577
Amaterasu,Deity,82,5,,rp,,wk,,rs,,1107,88,213,157,133,157,Maragion,Tarunda,Tenson Kourin,Auto-Sukuka,Trisagion,Mediarahan,Magic Amp III,Null Elec,Luck Amp III,Null Charm,Mahamadyne,Mahamakajamaon,Support,514,546,777,609
Susano-o,Fury,82,5,rs,wk,,,ab,,,966,235,106,127,133,147,Assassin,Mortal Jihad,Kusanagi,Strength Amp III,Bleeder,Charge,Merciless Blow,Drain Elec,Deadly Bondage,Agility Amp III,Fog Breath,Resist Fire,Attack,823,587,552,522
Ishtar,Megami,82,5,,,,nu,wk,nu,wk,1018,117,247,138,92,157,Mahamaon,Diarahan,Mesopotamian Star,Samarecarm,Thunderclap,Concentrate,Tetra Shift,Null Force,Ice Age,Mahamarin Karion,Dmg Panel Immunity,Resist Dark,Heal,575,540,848,605
Cu Chulainn,Genma,81,5,rs,,,,nu,,,1060,201,190,147,111,97,Savage Glee,Mazandyne,Gae Bolg,Rebellion,Killing Wind,Recarmdra,Force Pierce,Repel Dark,God's Hand,Mortal Jihad,Force Boost,Resist Light,Attack,752,592,729,586
Black Frost,Jaki,81,5,,rs,nu,,,wk,nu,1107,68,201,157,153,169,Mabufudyne,Curse of Anguish,Go to Hell!,Maragion,Hell Gaze,Concentrate,Ice Amp,Null Fire,Merciless Blow,Insanity,Ice Age,Resist Light,Attack,472,536,752,603
Garuda,Avian,80,5,,rp,wk,,nu,rs,,783,68,190,88,256,157,Zandyne,Auto-Rakunda,Vahana,Magic Amp III,Maragidyne,Fog Breath,Berserker,Null Light,Trisagion,Megidola,Evade,Resist Ice,Attack,472,460,729,521
Lilith,Night,80,5,,rs,rs,ab,wk,wk,nu,1009,127,190,136,121,169,Maziodyne,Energy Drain,Allure,Insanity,Mind Break,Samarecarm,Luck Amp III,Null Light,Deadly Charm,Madezoreton,Agility Amp III,Resist Force,Support,596,543,729,574
Quetzalcoatl,Dragon,80,5,rs,rs,,,rs,rs,wk,1164,97,178,169,153,147,Maragidyne,Mazandyne,Ce Acatls' Return,Null Poison,Mahamadyne,Concentrate,Auto-Tarunda,Repel Phys,Mabufudyne,Back Attack,Null Mute,Mamudodyne,Attack,533,564,703,604
Jeanne d'Arc,Hero,78,4,,wk,rs,rs,rs,,,1009,126,189,136,162,126,Recovery Boost,Holy Wrath,Orlean Prayer,Life Aid,Judgement,Silent Prayer,Null Mute,Repel Fire,Mind Break,Mediarama,Purgatory,Zanma,Heal,594,542,726,574
Hell Biker,Fiend,77,4,,rp,,,rs,wk,,1004,156,156,135,229,87,Maragion,Speedster,Red Zone,Power Hit,Mamudoon,Recarmdra,Auto-Sukuka,Repel Light,Agidyne,War Cry,Deadly Bondage,Resist Dark,Attack,657,556,657,556
Sphinx,Holy,76,4,,nu,wk,,,rp,wk,1051,87,210,145,130,156,Barrier,Tetra Shift,Mahamaon,Mortal Jihad,Ziodyne,Mediarahan,Auto-Rakuga,Null Ice,Ju,Megaton Press,Resist Ice,Evil Gaze,Support,512,533,771,594
Kama,Enigma,75,4,rs,wk,,,,rs,,1051,124,96,145,228,145,Speedster,Dekunda,Divine Bows' Allure,Vorpal Blade,,,,,,,,,Support,590,551,531,537
Zhong Kui,Kishin,75,4,,rs,,,wk,rs,,863,254,96,105,109,188,Hellish Mask,Auto-Taraka,Oni-Kagura,Null Mute,Megaton Raid,Dezoreton,Intimidating Stance,Resist Phys,Mamudodyne,Dmg Panel V II,Deadly Mute,Mahamaon,Attack,863,572,531,493
Loki,Tyrant,75,4,,,nu,,rs,wk,rs,1197,76,198,176,120,154,Zandyne,Agidyne,Trickster,Ziodyne,Bufudyne,Vengeance,Void Dark Zones,Resist Light,Bloody Glee,Eat Whole,Mamudoon,Mudoon,Attack,489,561,745,622
White Rider,Fiend,74,4,,,,ab,wk,rs,rs,910,124,198,115,159,134,Ziodyne,White Noise,God's Bow,Bolt Storm,Soul Drain,Recarmdra,Null Bind,Null Force,Bufula,Good Aim,Mecharmdi,Maragion,Attack,590,518,745,555
Hecatoncheires,Jaki,74,4,nu,,,,wk,wk,,1399,219,76,219,61,166,Megaton Press,Bloody Glee,Guards of Tartarus,Auto-Rakuga,Binge Eating,Charge,Life Surge,Drain Phys,Phys Boost,Deadly Curse,Acid Breath,Resist Light,Attack,789,680,489,608
Odin,Deity,73,4,,,,rp,wk,rs,rs,999,176,165,134,128,115,Resist Ice,Bolt Storm,Gungnir,Merciless Blow,Megaton Raid,Tarukaja,Great Aim,Null Dark,Evil Gaze,Maragi,Bufula,Posumudi,Attack,699,565,676,559
Anubis,Avatar,70,4,,,,,,nu,rs,948,76,217,123,78,186,Dark Boost,Mudodyne,Judgement Light,Dekunda,Purgatory,Tetrakarn,Merciless Blow,Null Dark,Spirit Drain,Poisma,Dia,Agilao,Attack,489,503,785,573
Dantalian,Fallen,70,4,,rs,rs,wk,nu,wk,rs,1286,76,195,195,127,144,Makarakarn,Fog Breath,Hamadyne,Mana Gain,Binge Eating,Binding Cry,Makara Shift,Repel Dark,Binding Cry,Ice Breath,Taunt,Luck Amp II,Support,489,582,739,642
Bishamonten,Kishin,70,4,,wk,nu,,,,,1192,207,86,175,117,133,Resist Light,Bufudyne,Berserker God,Tarukaja,Hades Blast,Discord,Back Attack,Resist Dark,Energy Drain,Makajamaon,Mecharmdi,Resist Force,Attack,764,626,510,565
Yurlungur,Snake,70,4,,wk,nu,rs,,,wk,1342,123,104,207,157,133,Mahashibaboo,Samarecarm,Mabufula,Luck Amp III,Bufudyne,Diarama,Null Poison,Resist Fire,Acid Breath,Recarmdra,Deadly Poison,Mahama,Support,588,619,548,609
Beiji-Weng,Fury,69,4,,wk,nu,,,rs,,1089,86,186,153,157,153,Ice Boost,Bufudyne,Glacial Blast,Recarm,Mabufudyne,Barrier,Null Curse,Repel Ice,Resist Light,Mazan,Bufu,Madness,Attack,510,541,720,591
Sarasvati,Megami,69,4,,wk,nu,,,,wk,1187,76,195,174,127,153,Mabufula,Barrier,Silent Prayer,Bufudyne,Glacial Blast,Mediarama,Back Attack,Repel Ice,Mecharmdi,Resist Curse,Savage Glee,Evil Gaze,Support,489,559,739,618
Gucumatz,Dragon,69,4,,wk,rs,,rs,,,1140,174,142,164,88,153,Heat Wave,Ice Breath,Auto-Tarunda,Wild Guess,Wind Breath,Fog Breath,Tetra Shift,Null Fire,Berserker God,Tarunda,Retaliate,Mediara,Support,695,597,628,581
Ongyo-Ki,Brute,68,4,rs,,rs,,rs,wk,,1140,206,86,164,126,152,Dark Sword,Auto-Rakuga,Mabufula,Deathtouch,Nihil Claw,Outbreak,Death Counter,Null Dark,Counter,Deadly Charm,Luck Amp I,Wind Breath,Attack,762,613,510,553
Beelzebub,Tyrant,68,4,,,,rs,rs,nu,nu,1084,152,164,152,146,123,Mudodyne,Mazionga,Gluttony,Wild Instinct,Bolt Storm,Outbreak,Makara Shift,Repel Light,Madezoreton,Resist Phys,Bloody Glee,Resist Elec,Attack,649,673,573,578
Prometheus,Deity,67,4,,nu,wk,,,rs,,896,163,226,112,78,133,Fire Boost,Makara Shift,Agidyne,Vitality Amp III,Maragidyne,Recarmdra,Infinite Chakra,Drain Fire,Resist Elec,Mazanma,Madness,Resist Poison,Attack,672,534,804,566
Oberon,Fairy,67,4,,,,wk,ab,,,1037,184,216,142,78,103,Force Boost,Zandyne,Mahamarin Karion,Makarakarn,Twister,Mecharmdi,Auto-Sukuka,Resist Ice,Cleave,Vitality Amp I,Tarukaja,Spirit Drain,Attack,716,578,783,594
Rangda,Femme,67,4,rp,,,wk,,,,943,122,174,122,146,152,Mahajuon,Mudodyne,Mazandyne,Vorpal Blade,Purgatory,Recarmdra,Endure,Null Force,Wind Breath,Mabufula,Dekaja,Spirit Drain,Attack,586,525,695,551
Tsukuyomi,Genma,67,4,wk,nu,nu,rs,rs,,,943,122,216,122,67,142,Mana Bonus,Zanma,Lunar Blessing,Mazan,Mudoon,Recarm,Life Gain,Drain Fire,Sukukaja,Fast Recovery,Hamaon,Zionga,Support,586,525,783,572
Azrael,Herald,67,4,rs,rs,wk,,,rp,rs,1187,75,194,174,126,152,Tetrakarn,Evil Gaze,Agidyne,Makarakarn,Mudodyne,Vengeance,Makara Shift,Null Dark,Sweet Bite,Dekunda,Wild Instinct,Judgement Light,Support,487,558,737,618
Skadi,Lady,67,4,,wk,ab,,,,,1037,85,206,142,135,163,Mahamakajam,Deadly Mute,Mamudoon,Luck Amp II,Glacial Blast,Makara Break,Insanity,Resist Fire,Shock,Strength Amp II,Mediara,Resist Elec,Support,508,528,762,589
Girimekhala,Vile,67,4,rp,,,wk,wk,wk,,1037,216,93,142,126,142,Resist Dark,Mega Boost,Megaton Press,Binding Cry,Binge Eating,Rakunda,Savage Glee,Resist Force,Judgement Light,Agidyne,Mutudi,Bufula,Attack,783,594,525,532
Kudlak,Jaki,67,4,,rs,,,,wk,nu,1084,85,163,152,146,174,Energy Drain,Curse of Anguish,Dark Pandemic,Mana Gain,Mudodyne,Madezoreton,Endure,Drain Dark,Deadly Curse,Mahapoismaon,Back Attack,Resist Light,Support,508,539,672,578
Yatagarasu,Avian,66,4,,nu,wk,,,rs,,854,184,75,103,231,132,Hades Blast,Auto-Sukunda,Speedster,Phys Boost,Mortal Jihad,Sukukaja,Evade,Resist Phys,Maragion,Mana Bonus,Wind Breath,Resist Bind,Support,716,535,487,480
Ganesha,Yoma,66,4,rs,,,wk,nu,,wk,1234,184,123,184,96,133,Berserker God,Faith in Wealth,Rakukaja,Power Hit,Megaton Raid,Taunt,Phys Boost,Null Dark,Meposumudi,Mazandyne,Holy Wrath,Dezoreto,Attack,716,624,588,593
Attis,Zealot,65,4,rs,,,,,,,1079,183,93,151,145,141,Enduring Soul,Recarmdra,Mist Slashes,Life Aid,,,,,,,,,Attack,714,587,525,542
King Frost,Tyrant,64,4,,wk,nu,,,rs,,1277,122,171,193,76,151,Ice Boost,Megaton Press,Cold World,Wild Instinct,Glacial Blast,Concentrate,Luck Amp III,Resist Fire,Bufudyne,Binge Eating,Hellish Mask,Resist Bind,Attack,586,603,689,627
Succubus,Night,63,4,,rs,nu,,,wk,,1079,85,204,151,123,151,Mahamarin Karin,Deadly Charm,Bufudyne,Spirit Drain,Mazionga,Madezoreto,Null Charm,Resist Light,Life Drain,Mabufula,Wild Instinct,Mamudoon,Support,508,538,758,598
Long,Dragon,63,4,,,rs,wk,nu,,,1032,151,183,141,165,75,Force Boost,Zandyne,Dragon Sense,Agility Amp II,Berserker God,Concentrate,Mana Aid,Repel Force,Mazandyne,Vorpal Blade,Ziodyne,Makara Break,Attack,647,560,714,576
Titania,Fairy,62,4,,,,,,rs,rs,717,111,235,74,104,140,Elec Boost,Mazionga,Makajamaon,Mana Gain,Bolt Storm,Dezoreton,Back Attack,Resist Phys,Tarunda,Mamudo,Fatal Sword,Shock,Support,563,466,823,528
Sleipnir,Holy,62,4,,wk,,,,rs,,891,102,162,111,164,171,Light Boost,Mahamaon,Speedster,Samarecarm,Hamadyne,Diarahan,Agility Amp III,Null Light,Fire Breath,Binge Eating,Twister,Mahashibabooon,Attack,544,503,670,533
Jikokuten,Kishin,62,4,,,,wk,nu,rs,,1028,182,140,140,142,130,Mazanma,Hades Blast,Suppress Stance Drain,Zandyne,Megaton Raid,Mahashibabooon,Life Surge,Null Fire,Binding Claw,Mediarahan,White Noise,Life Drain,Attack,712,575,624,554
Pallas Athena,Megami,62,4,rs,,,,,nu,wk,891,192,74,111,164,182,Resist Force,Myriad Arrows,Holy Wrath,Makarakarn,Mortal Jihad,Diarahan,Mana Aid,Null Fire,Tempest Slash,Silent Prayer,Toxic Sting,Twister,Attack,733,548,485,489
Pazuzu,Vile,62,4,,,wk,,nu,,nu,1371,162,192,213,94,64,Resist Fire,Mediarama,Purgatory,White Noise,Mamudodyne,Samarecarm,Death Counter,Null Light,Resist Mute,Media,Zanma,Deathbound,Heal,670,645,733,660
Cerberus,Beast,61,4,,rp,wk,,,,,981,170,150,130,152,140,Agidyne,Hell Claw,War Cry,Life Gain,Fire Breath,Madezoreton,Back Attack,Resist Phys,Deadly Bondage,Counter,Heat Wave,Agility Amp I,Attack,687,558,645,548
Wu Kong,Fury,61,4,rs,rs,,wk,rs,rs,wk,891,235,84,111,123,160,Phys Boost,Taunt,Oni-Kagura,Charge,Titanomachia,Outbreak,Vitality Amp III,Null Phys,Thunderclap,Hell Gaze,Maragi,Deadly Poison,Attack,823,569,506,494
Sandalphon,Herald,61,4,rs,,,rs,,rp,nu,1075,140,160,150,152,111,Hamadyne,Zandyne,Auto-Sukuka,Amrita,Mahamaon,Samarecarm,Wild Instinct,Resist Force,Meposumudi,Counter,Rakunda,Megaton Press,Attack,624,565,666,575
Orochi,Snake,61,4,,nu,nu,wk,,,,1075,202,84,150,133,150,Bufudyne,Megaton Press,Dmg Panel Immunity,Barrier,Agidyne,Recarmdra,Auto-Taraka,Null Light,Dmg Panel V I,Dekaja,Spirit Drain,Savage Glee,Attack,754,596,506,537
Fenrir,Wilder,61,4,,wk,ab,rs,wk,,,938,150,111,121,238,111,Nihil Claw,Agility Amp II,Auto-Taraka,Eat Whole,Hades Blast,Makara Break,Speedster,Resist Force,Resist Dark,Eat Whole,Meweakdi,Hama,Support,645,538,563,518
Rakshasa,Jaki,61,4,rs,,,wk,,wk,,849,212,84,102,164,150,Fatal Sword,Charge,Rasetsu,Endure,Dark Sword,Taunt,Retaliate,Null Force,Tempest Slash,Agility Amp II,Deadly Curse,Speedster,Attack,775,548,506,484
Throne,Divine,60,4,,nu,wk,,,nu,wk,1028,121,140,140,163,140,Resist Elec,Maragion,Void Dark Zones,Mediara,Mahamaon,Diarahan,Evade,Null Ice,War Cry,Resist Ice,Deathtouch,Wild Guess,Attack,584,544,624,554
Hanuman,Genma,60,4,,,,wk,nu,,,938,223,84,121,132,150,Resist Phys,Vorpal Blade,Mazanma,Madness Nails,Zandyne,Taunt,Retaliate,Repel Force,Vitality Amp I,Evil Gaze,Judgement Light,Resist Weak,Attack,798,574,506,505
Kikuri-Hime,Lady,60,4,,,,wk,nu,,wk,1028,84,203,140,133,140,Lydia,Maragion,Marin Karion,Vitality Amp II,Agidyne,Diarama,Tetra Shift,Resist Dark,Resist Fire,Mahapoismaon,Power Hit,Rakukaja,Heal,506,526,756,585
Abaddon,Tyrant,60,4,,rp,,wk,,,,1122,190,111,160,122,121,Retaliate,Maragion,Binge Eating,Hellfire,Megaton Raid,Madezoreto,Bloody Glee,Null Phys,Agility Amp I,Hellish Mask,Ju,Memutudi,Attack,729,601,563,561
Mitra,Deity,55,3,rp,,wk,,,rs,rs,1117,159,148,159,120,110,Mahaju,Barrier Break,Evil Gaze,Megido,Mahamaon,Fog Breath,Insanity,Resist Force,Media,Dia,Mazio,Vitality Amp I,Support,663,584,640,578
Kinmamon,Enigma,55,3,,nu,wk,,,rs,rs,1065,74,138,148,181,159,Megido,Barrier,Mutant,Megidola,,,,,,,,,Support,485,529,619,561
Vetala,Haunt,55,3,,wk,,,,wk,nu,976,159,159,129,120,120,Lydia Break,Bufudyne,Eat Whole,Rampage,Energy Drain,Acid Breath,Resist Poison,Resist Fire,Cursedi,Heat Wave,Agility Amp I,Fast Recovery,Attack,663,551,663,551
Berserker,Brute,54,3,nu,,,,wk,,,797,209,110,91,129,159,Charge,Dark Sword,Mabufu,Enduring Soul,Megaton Press,Rebellion,Retaliate,Null Ice,Soul Drain,Magic Amp I,Mutudi,Wild Guess,Attack,768,534,561,485
Ose,Fallen,54,3,,,,,,,rs,1060,188,82,147,139,138,Hades Blast,Mazionga,Charge,Retaliate,Megaton Press,Tetrakarn,Strength Amp II,Null Phys,Agi,Charmdi,Media,Madness,Attack,724,585,502,532
Isis,Lady,54,3,,rs,,nu,,,,1018,100,148,138,169,148,Samarecarm,Zandyne,Mahamakajam,Mana Gain,Mazan,Meweakdi,Back Attack,Null Force,Strength Amp I,Good Aim,Mecharmdi,Zan,Support,540,531,640,555
Feng Huang,Avian,53,3,wk,nu,wk,,,,,713,64,168,73,209,188,Agilao,Auto-Tarunda,Mediarama,Void Dark Zones,Mahama,Binding Cry,Dmg Panel V II,Resist Phys,Bloody Glee,Mutudi,Meparaladi,Zio,Heal,464,442,682,494
Dominion,Divine,53,3,,,,rs,wk,nu,wk,1060,73,188,147,129,158,Mekasudi,Null Curse,Mazionga,Megido,Ziodyne,Prayer,Null Mute,Null Elec,Mecharmdi,Cleave,Vitality Amp I,Bufu,Heal,483,528,724,585
Dakini,Femme,53,3,rs,ab,wk,,,,,1060,199,83,147,119,147,Barrier Break,Agilao,Berserker God,Poismaon,Agidyne,Mahamakajam,Null Poison,Resist Ice,Toxic Cloud,Bolt Storm,Magic Amp I,Wild Guess,Support,747,591,504,533
Efreet,Yoma,52,3,,ab,wk,,,,,840,137,208,100,128,119,Agilao,Fire Boost,Maragi,Agidyne,Hellfire,Memutudi,Back Attack,Resist Elec,Mow Down,Heat Wave,Zan,Outbreak,Attack,617,508,766,544
Grendel,Jaki,51,3,rs,,,,wk,,,1342,207,82,207,63,136,Deathbound,Mortal Jihad,Curse of Distress,Life Gain,Herculean Strike,Charge,Great Aim,Resist Force,Binding Claw,Endure,Retaliate,Wild Guess,Attack,764,661,502,598
Koumokuten,Kishin,50,3,,,,nu,wk,rs,,966,207,118,127,109,127,Zionga,Tetra Break,Hades Blast,Megaton Press,Ziodyne,Sukukaja,Counter,Resist Phys,Luck Amp I,Mabufu,Bloody Glee,Bufu,Attack,764,573,577,528
Scathach,Megami,50,3,,,,wk,nu,rs,,924,187,99,118,137,146,Zanma,Hades Blast,Wind Breath,Life Gain,Madness Nails,Diarama,Hellish Mask,Resist Elec,Bufu,Counter,Fast Recovery,Rampage,Attack,722,553,537,509
Arahabaki,Vile,50,3,rs,wk,wk,wk,wk,rs,rs,1498,73,157,240,99,127,Megido,Makarakarn,Concentrate,Energy Drain,Ice Breath,Meposumudi,Makara Shift,Null Ice,Mow Down,Madness,Mudo,Mecharmdi,Attack,483,630,659,672
Chimera,Avatar,49,3,,rs,,rs,wk,,,1013,187,73,137,157,137,Makara Break,Zionga,Madness Nails,Berserker God,Mazionga,War Cry,Retaliate,Resist Force,Paraladi,Mahama,Media,Fast Recovery,Attack,722,574,483,517
Shiki-Ouji,Brute,49,3,nu,wk,wk,,,rs,rs,966,166,187,127,90,118,Resist Mute,Hama,Mudo,Dekaja,Megido,Rakunda,Back Attack,Resist Ice,Meweakdi,Maragi,Vengeance,Dia,Attack,678,552,722,563
Horus,Deity,49,3,rs,,,,,rp,wk,966,99,157,127,217,90,Diarama,Dekunda,Mahama,Mana Gain,Hamadyne,Amrita,Light Boost,Null Elec,Cursedi,Paraladi,Maragi,Cursedi,Heal,537,519,659,548
Kresnik,Genma,49,3,,,,,wk,nu,,1013,118,146,137,146,118,Sukunda,Null Elec,Judgement Light,Mana Aid,Tempest Slash,Rebellion,Merciless Blow,Null Dark,Vitality Amp I,Mamudo,Retaliate,Good Aim,Attack,577,539,636,553
Baihu,Holy,48,3,,,,nu,wk,,,924,186,146,118,127,108,Sukunda,Zionga,Elec Boost,Madness Nails,Mazionga,Concentrate,Intimidating Stance,Resist Phys,Madness,Mabufu,Mind Break,Dmg Panel V I,Attack,720,552,636,532
Virtue,Divine,47,3,,,,wk,nu,nu,wk,1201,63,177,177,126,157,Memutudi,Null Mute,Hamaon,Barrier,Judgement Light,Concentrate,Auto-Sukuka,Null Ice,Mazio,Agi,Luck Amp I,Agility Amp I,Heal,462,556,701,613
Setanta,Fairy,47,3,,,,wk,nu,,wk,1009,186,127,136,108,127,Oni-Kagura,Great Aim,Herculean Strike,Deathbound,Zanma,Tarukaja,Berserker,Resist Elec,Vitality Amp I,Zio,Cursedi,Heat Wave,Attack,720,572,596,543
Kushinada,Lady,47,3,,,,,,rs,wk,1009,73,186,136,156,136,Diara,Recovery Boost,Mahama,Media,Hamaon,Lydia,Fast Recovery,Null Light,Mudo,Maragi,Meparaladi,Zan,Heal,483,516,720,572
Lilim,Night,47,3,,,wk,,nu,,,966,99,197,127,117,146,Resist Charm,Mazanma,Marin Karin,Spirit Drain,Zandyne,Memutudi,Magic Amp II,Null Elec,Luck Amp I,Bufu,Weakdi,Zio,Support,537,519,743,568
Illuyanka,Dragon,47,3,,,rs,,rs,,,1009,136,175,136,126,117,Ice Breath,Zanma,Dragon Sense,Bufudyne,Mazanma,Acid Breath,Magic Amp II,Null Force,Heat Wave,Dodge,Hamaon,Wild Guess,Attack,615,547,697,567
Horkos,Tyrant,46,3,rs,,wk,,,wk,,1056,197,82,146,117,146,Endure,Retaliate,Hellfire,Auto-Rakuga,Power Hit,Tetra Break,Vitality Amp II,Null Ice,Mabufu,Zan,Wild Guess,Fast Recovery,Attack,743,589,502,531
Peallaidh,Wilder,46,3,,wk,rs,,,wk,,1150,82,186,166,117,146,Madezoreto,Insanity,Mamudoon,Toxic Cloud,Evil Gaze,Concentrate,Hellish Mask,Resist Light,Zio,Maragi,Agility Amp I,Dmg Panel V I,Support,502,553,720,605
Mad Gasser,Foul,45,3,,,,,,wk,rs,877,127,108,108,184,166,Mahapoisma,Deadly Poison,Mudodyne,Hellish Mask,Deathtouch,Barrier Break,Madness,Null Dark,Zio,Hama,Sukukaja,Mecharmdi,Support,596,512,556,502
Gui Xian,Snake,45,3,,wk,nu,,,,,1103,156,186,156,81,108,Bufula,Mabufula,Ice Boost,Rakukaja,Bufudyne,Makara Break,Life Aid,Resist Phys,Dmg Panel V I,Strength Amp I,Cleave,Madness,Attack,657,579,720,594
Jatayu,Avian,44,3,,,rs,wk,ab,nu,wk,750,117,98,81,225,165,Sukukaja,Auto-Sukuka,Dekaja,Sukunda,Deathbound,Recarm,Wild Guess,Resist Elec,Mazan,Madness,Meposumudi,Cursedi,Support,575,477,535,468
Ammut,Beast,44,3,,,wk,nu,,,,1009,196,82,136,126,145,Rebellion,Deathtouch,Madness Nails,Agility Amp II,Binge Eating,War Cry,Null Charm,Resist Ice,Zio,Rampage,Vitality Amp I,Mabufu,Attack,741,577,502,520
Ares,Fury,44,3,,,,,,rs,wk,877,217,99,108,126,145,Herculean Strike,Retaliate,Hellfire,Dekunda,Berserker God,Charge,Bloody Glee,Resist Phys,Hellish Mask,Sexy Dance,Shibabooon,Rampage,Attack,785,557,537,498
Chatterskull,Haunt,44,3,,ab,wk,,,wk,nu,877,136,186,108,116,136,Discord,Mudoon,Deathtouch,Dekaja,Hades Blast,War Cry,Null Bind,Resist Force,Mow Down,Posumudi,Rampage,Mazio,Support,615,516,720,541
Apis,Holy,44,3,,,,,,rs,wk,1051,186,82,145,107,156,Tarukaja,Mahama,Makara Shift,Mediara,Power Hit,Discord,Life Surge,Resist Dark,Agi,Poismaon,Media,Mutudi,Support,720,582,502,530
Arianrhod,Megami,44,3,rs,,,,,rs,,788,186,145,89,164,89,Hamaon,Media,Berserker God,Diara,Myriad Arrows,Lydia Break,Great Aim,Null Ice,Mazio,Charmdi,Vitality Amp I,Mutudi,Attack,720,520,634,500
Lailah,Herald,43,3,,,,wk,rs,nu,wk,919,108,206,117,107,156,Mediara,Light Boost,Mahamaon,Makajamaon,Hamadyne,Recarm,Life Aid,Resist Elec,Zan,Mazan,Heat Wave,Bufu,Attack,556,512,762,561
Silky,Fairy,42,3,,wk,nu,,,,,1197,63,185,176,116,145,Meweakdi,Null Weak,Bufudyne,Mediara,Mabufula,Lydia,Infernal Mask,Null Force,Bloody Glee,Mow Down,Dmg Panel V I,Wild Guess,Support,462,555,718,616
Mermaid,Femme,42,3,,,rs,wk,rs,,,1009,108,196,136,107,136,Ice Breath,Wind Breath,Media,Sexy Dance,Bufudyne,Mecharmdi,Infinite Chakra,Null Ice,Mutudi,Mecharmdi,Paraladi,Rampage,Heal,556,533,741,577
Unicorn,Holy,42,3,,,,wk,,nu,nu,1103,136,185,156,97,99,Mecharmdi,Null Charm,Mazan,Bufudyne,Glacial Blast,Memutudi,Serial Killer,Resist Ice,Agi,Magic Amp I,Cursedi,Mow Down,Heal,615,569,718,594
Kaiwan,Night,42,3,,,wk,,,wk,nu,1051,117,165,145,134,117,Mudoon,Mamudo,Dark Boost,Sukukaja,Mamudoon,Makara Break,Endure,Resist Ice,Magic Amp I,Luck Amp I,Bloody Glee,Mahama,Attack,575,548,676,572
Makami,Avatar,41,3,,,,,,rs,wk,962,117,117,126,173,156,Meparaladi,Null Bind,Diarama,Amrita,Berserker God,Samarecarm,Recovery Boost,Null Elec,Paraladi,Mazan,Dia,Agi,Heal,575,527,575,527
Ikusa,Brute,41,3,,,,,wk,wk,rs,877,156,126,108,163,126,Resist Poison,Ice Breath,Mamudoon,Merciless Blow,Myriad Arrows,Juon,Savage Glee,Resist Light,Mutudi,Vitality Amp I,Mekasudi,Meweakdi,Attack,657,526,594,511
Forneus,Fallen,41,3,,,ab,wk,,,nu,1197,176,117,176,80,136,Bufula,Mazio,Fog Breath,Resist Elec,Mabufula,Mahashibaboo,Ice Boost,Null Light,Agility Amp I,Memutudi,Zio,Charmdi,Support,699,611,575,582
Zouchouten,Kishin,41,3,,nu,wk,,,rs,,919,156,196,117,106,117,Rakukaja,Herculean Strike,Agilao,Charge,Fire Breath,Taunt,Dmg Panel Immunity,Resist Dark,Hellish Mask,Strength Amp I,Mecharmdi,Bufu,Attack,657,536,741,556
Hare of Inaba,UMA,41,3,,wk,,,,,,919,117,98,117,182,156,Dekaja,Media,Trap Free,Recarm,,,,,,,,,Heal,575,517,535,507
Baphomet,Vile,41,3,,,,,,wk,nu,1197,81,196,176,97,136,Mamudo,Life Drain,Maragi,Mana Gain,Mudodyne,Mahapoisma,Dark Boost,Resist Light,Rampage,Mabufu,Wild Guess,Zio,Attack,500,564,741,621
Mothman,Wilder,41,3,,,,rs,wk,,,1291,108,89,196,154,136,Resist Bind,Mazio,Mahashibaboo,Mana Bonus,Ziodyne,Shibabooon,Insanity,Null Fire,Zan,Heat Wave,Dodge,Meparaladi,Support,556,599,516,590
Makara,Dragon,41,3,,wk,rs,,,,,1103,108,156,156,133,126,Makara Break,Mabufu,Tarunda,Null Weak,Megido,Makarakarn,Life Surge,Resist Fire,Bufula,Counter,Mind Break,Sweet Bite,Support,556,555,657,579
Power,Divine,40,3,,,,rs,wk,nu,wk,1197,176,135,176,80,117,Media,Megido,Fatal Sword,Diara,Mazionga,Rebellion,Assassin,Resist Force,Meparaladi,Mudo,Magic Amp I,Fast Recovery,Attack,699,611,613,591
Tam Lin,Genma,40,3,,,,,,rs,wk,962,196,89,126,124,145,Fast Recovery,Wind Breath,Dark Sword,Hamadyne,Deathbound,Mediara,Tetra Shift,Resist Fire,Mazan,Maragi,Lunge,Cleave,Attack,741,566,516,513
Pele,Lady,40,3,,rs,wk,,,,,1333,81,185,205,88,126,Meposumudi,Agilao,Null Poison,Diara,Maragion,Recarm,Luck Amp II,Resist Phys,Meweakdi,Mazan,Dmg Panel V I,Magic Amp I,Heal,500,596,718,648
Valkyrie,Yoma,40,3,rs,,,wk,rs,,,1098,196,81,155,115,145,Mahama,Fatal Sword,Phys Boost,Heat Wave,Deathbound,Tetra Break,Life Surge,Resist Elec,Meweakdi,Cleave,Mutudi,Weakdi,Attack,741,598,500,541
Orthrus,Beast,35,2,,nu,wk,,,,rs,1046,164,126,144,141,89,Agilao,Eat Whole,Maragi,Herculean Strike,Fire Breath,Recarm,Resist Bind,Resist Elec,,,,,Attack,674,570,594,551
Principality,Divine,35,2,,,,,,nu,wk,1004,89,195,135,105,144,Recarm,Hamaon,Bufu,Media,Judgement Light,Cursedi,Light Boost,Resist Dark,,,,,Heal,516,523,739,576
Kelpie,Fairy,35,2,,,rs,,wk,,,1004,135,126,135,160,135,Diara,Zionga,Rampage,Void Dark Zones,Spirit Drain,Lydia,Wild Guess,Resist Dark,,,,,Heal,613,546,594,541
Shadow,Foul,35,2,rs,,,,wk,wk,nu,1192,89,195,175,151,72,Rakunda,Mazio,Mudo,Tarukaja,Mudoon,Dezoreto,Agility Amp I,Resist Ice,,,,,Support,516,567,739,620
Patrimpas,Dragon,35,2,,wk,rs,,rs,,wk,1046,126,154,144,114,134,Recarm,Diarama,Tetraja,Fast Recovery,Wind Breath,Amrita,Endure,Resist Fire,,,,,Heal,594,551,653,565
Yaksini,Femme,34,2,,,,wk,nu,,,1140,194,116,164,113,89,Resist Curse,Agilao,Mazan,Tempest Slash,Zionga,Shibaboo,Strength Amp I,Resist Phys,,,,,Attack,737,607,573,568
Legion,Haunt,34,2,,,,wk,,wk,rs,1328,116,98,204,140,125,Mazan,Mudo,Agi,Deathbound,Wind Breath,Makara Break,Force Boost,Resist Fire,,,,,Attack,573,612,535,603
Dis,Yoma,34,2,,,rs,rs,,,wk,1046,72,184,144,131,144,Makajam,Agilao,Zan,Mediara,Megido,Barrier Break,Deadly Mute,Resist Force,,,,,Heal,481,524,716,580
Shiisaa,Avatar,33,2,,rs,,,rs,rs,,957,144,88,125,159,154,Shibaboo,Zan,Wind Breath,Binding Claw,Mazan,Barrier Break,Deadly Bondage,Resist Ice,,,,,Support,632,539,514,511
Kanbari,Enigma,30,2,wk,,,,,rs,wk,915,134,107,116,158,163,Rampage,Hamaon,Luck,Megaton Press,,,,,,,,,Attack,611,524,554,511
Fomorian,Night,30,2,,wk,rs,,,,,1324,183,81,203,78,134,Mabufu,Herculean Strike,Hamaon,Back Attack,Bufula,Rebellion,Life Gain,Resist Light,,,,,Attack,714,644,500,593
Suparna,Avian,28,2,,,,rs,,rs,wk,952,142,97,124,176,124,Zio,Herculean Strike,Rakukaja,Diara,Spirit Drain,Tarunda,Hellish Mask,Null Elec,,,,,Attack,628,537,533,514
Naga,Snake,28,2,,wk,rs,rs,wk,,wk,1277,163,71,193,112,125,Fatal Sword,Bufula,Good Aim,Rebellion,Deathbound,Dezoreto,Life Gain,Null Ice,,,,,Attack,672,623,479,577
Oni,Brute,27,2,,,,wk,,,,999,202,97,134,94,143,Tetra Break,Maragi,Herculean Strike,Oni-Kagura,Tempest Slash,Charge,Bloody Glee,Resist Force,,,,,Attack,754,578,533,525
Kurama Tengu,Genma,27,2,,,,wk,nu,,,910,106,134,115,176,143,Sukukaja,Hama,Mazan,Mahama,Zanma,Sukunda,Dmg Panel V II,Resist Fire,,,,,Attack,552,509,611,523
Heqet,Holy,27,2,,,,rs,wk,,,952,143,134,124,148,115,Media,Mazio,Meposumudi,Zionga,Shock,Dekunda,Life Gain,Resist Fire,,,,,Heal,630,537,611,533
Take-Minakata,Kishin,27,2,,wk,,rs,,,,1183,182,71,173,120,124,Counter,Zionga,Oni-Kagura,Elec Boost,Shock,Meparaladi,Mana Bonus,Resist Dark,,,,,Attack,712,611,479,555
Hathor,Megami,27,2,wk,,rs,,rs,rs,,1183,106,124,173,167,106,Amrita,Zan,Zionga,Meposumudi,Mazio,Mecharmdi,Mana Bonus,Null Force,,,,,Heal,552,573,590,582
Pisaca,Haunt,26,2,,wk,,,nu,wk,rs,1277,124,80,193,137,124,Mamudo,Sweet Bite,Life Drain,Ju,Mudoon,Mahashibaboo,Dmg Panel V II,Resist Ice,,,,,Support,590,604,498,582
Abraxas,Vile,26,2,ab,wk,wk,wk,wk,wk,wk,910,173,173,115,129,80,Dekunda,Tarukaja,Bufula,Rakukaja,Herculean Strike,Amrita,Hellish Mask,Null Dark,,,,,Support,693,543,693,543
Ippon-Datara,Jaki,26,2,,rs,,,,wk,,952,153,142,124,110,133,Mudoon,Oni-Kagura,Curse of Distress,Mahaju,Mow Down,Tarukaja,Back Attack,Resist Light,,,,,Attack,651,542,628,537
Archangel,Divine,25,2,,,,,,nu,wk,1037,162,133,142,102,124,Tarukaja,Agi,Hama,Heat Wave,Agilao,Lydia Break,Good Aim,Resist Phys,,,,,Attack,670,567,609,552
Black Ooze,Foul,25,2,rs,,,wk,,wk,nu,1366,153,133,212,77,97,Ju,Poisma,Sweet Bite,Madness,Deathtouch,Mahaju,Endure,Null Fire,,,,,Support,651,639,609,629
Kamiotoko,Rumor,25,2,,,,,,wk,rp,1089,193,106,153,102,106,Mudoon,Insanity,Paralyzing Bite,War Cry,,,,,,,,,Support,735,594,552,551
Nue,Wilder,25,2,,,,rs,wk,,,1089,182,97,153,102,133,Mazio,Zio,Eat Whole,Binding Claw,Zionga,Rakunda,Strength Amp I,Resist Phys,,,,,Attack,712,589,533,546
Hamsa,Avian,24,2,,,,rs,,,wk,995,80,142,133,165,142,Hama,Zionga,Sukukaja,Makajam,Mahama,Media,Speedster,Resist Ice,,,,,Support,498,516,628,547
High Pixie,Fairy,24,2,,,,,rs,,,868,88,192,106,137,153,Dezoreto,Media,Mazio,Lydia,Shock,Diara,Madness,Resist Light,,,,,Heal,514,490,733,542
Decarabia,Fallen,23,2,,,,,,wk,rs,1089,88,173,153,119,133,Maragi,Mabufu,Bufu,Marin Karin,Agilao,Memutudi,Resist Mute,Resist Ice,,,,,Attack,514,542,693,584
Shikome,Femme,23,2,,wk,,,,wk,rs,910,133,115,115,155,142,Tarunda,Toxic Sting,Bufula,Binding Claw,Deathbound,Weakdi,Dodge,Resist Force,,,,,Support,609,523,571,514
Incubus,Night,21,2,,,,wk,rs,,,952,133,115,124,154,142,Marin Karin,Mudoon,Zan,Life Drain,Mazan,Meparaladi,Deadly Charm,Resist Ice,,,,,Support,609,532,571,523
Angel,Divine,20,2,,,,wk,,nu,wk,1084,80,181,152,118,133,Hama,Mahama,Diara,Rakukaja,Judgement Light,Charmdi,Null Mute,Resist Elec,,,,,Heal,498,537,710,587
Blob,Foul,20,2,rs,,wk,,,wk,nu,1272,152,105,192,83,133,Poisma,Zan,Mazan,Tarunda,Spirit Drain,Mahapoisma,Madness,Resist Force,,,,,Support,649,617,550,593
Mou-Ryo,Haunt,20,2,,,,,,wk,nu,863,87,201,105,118,152,Mudo,Shibabooon,Fire Breath,Spirit Drain,Evil Gaze,Cursedi,Magic Amp I,Repel Dark,,,,,Attack,512,489,752,546
Raijuu,Wilder,20,2,,,,rs,wk,,,995,115,96,133,164,152,Resist Weak,Zionga,Shock,Endure,Binding Claw,Barrier Break,Agility Amp I,Null Elec,,,,,Support,571,533,531,524
Momunofu,Brute,15,1,rs,,,,wk,,,1126,180,79,161,108,132,Mow Down,Counter,,Heat Wave,Oni-Kagura,Dekunda,Endure,Resist Force,,,,,Attack,708,597,495,546
Nozuchi,Snake,15,1,rs,wk,rs,rs,wk,,wk,990,132,123,132,133,141,Life Bonus,Mazio,,Rampage,Zionga,Cursedi,Good Aim,Resist Fire,,,,,Attack,607,541,588,536
Chupacabra,UMA,15,1,,,,wk,,,,821,123,105,96,170,161,Mazan,Stealth,,Auto-Sukuka,,,,,,,,,Attack,588,497,550,488
Nekomata,Beast,14,1,,rs,wk,wk,rs,,,990,114,96,132,170,141,Charmdi,Mazan,,Sukukaja,Zanma,Amrita,Resist Charm,Resist Ice,,,,,Support,569,532,531,523
Pyro Jack,Fairy,13,1,,rs,wk,,,,,1032,79,190,141,116,141,Agi,Maragi,,Agilao,Fire Breath,Tag,Mana Bonus,Resist Force,,,,,Attack,495,524,729,580
Leanan Sidhe,Femme,12,1,,,,,wk,,,1263,79,160,190,98,132,Dia,Bufu,,Media,Mudoon,Recarm,Resist Poison,Resist Force,,,,,Heal,495,578,666,619
Apsaras,Yoma,11,1,,wk,rs,,,,,1028,86,170,140,115,140,Posumudi,Bufu,,Diara,Bufula,Mecharmdi,Agility Amp I,Resist Elec,,,,,Heal,510,527,687,569
Gremlin,Jaki,11,1,,wk,rs,rs,wk,,,896,104,159,112,159,112,Zio,Bufu,,Lunge,Mudo,Makajam,Mana Bonus,Resist Fire,,,,,Attack,548,505,663,532
Eligor,Fallen,10,1,rs,,,wk,,,nu,1263,190,113,190,65,104,Mudo,Mow Down,,Endure,Fatal Sword,Rakukaja,Counter,Resist Light,,,,,Attack,729,634,567,595
Phantom,Foul,10,1,rs,,,,wk,wk,nu,1079,95,190,151,150,70,Zio,Mudo,,Mazio,Zionga,Dekaja,Hellish Mask,Resist Elec,,,,,Attack,529,543,729,591
Sandman,Night,10,1,,,,wk,rs,,,1122,113,95,160,150,140,Zan,Cleave,,Shibaboo,Dark Sword,Sukunda,Epic Recovery,Resist Ice,,,,,Attack,567,562,529,553
Inugami,Beast,9,1,,rs,wk,,,,,1079,113,95,151,149,140,Agi,Paraladi,,Maragi,Agilao,Rakunda,Resist Bind,Resist Dark,,,,,Support,567,552,529,543
Bicorn,Wilder,9,1,,,,,wk,,nu,1169,198,140,170,81,70,Lunge,Agi,,Maragi,Heat Wave,Charmdi,Hellish Mask,Resist Light,,,,,Attack,745,616,624,587
Jack Frost,Fairy,7,1,,wk,rs,,,,,1075,79,179,150,105,140,Bufu,Mabufu,,Hama,Bufula,Tag,Counter,Resist Elec,,,,,Attack,495,534,705,584
Obariyon,Haunt,7,1,,,wk,rs,,wk,nu,1169,104,86,170,148,140,Mutudi,Media,,Lunge,Rampage,Sukunda,Dodge,Resist Fire,,,,,Heal,548,569,510,560
Koppa Tengu,Yoma,7,1,,,,wk,rs,,,741,140,122,79,158,150,Dmg Panel V I,Zan,,Wind Breath,Zanma,Tarunda,Wild Guess,Resist Fire,,,,,Attack,624,486,586,477
Mokoi,Night,5,1,,,,rs,wk,,,901,113,113,113,157,140,Zio,Lunge,,Rampage,Zionga,Weakdi,Strength Amp I,Resist Dark,,,,,Attack,567,510,567,510
Agathion,Yoma,5,1,,rs,wk,rs,,,wk,1206,78,150,178,105,140,Cursedi,Zio,,Mazio,Heat Wave,Mutudi,Luck Amp I,Resist Dark,,,,,Attack,493,564,645,600
Melchom,Fallen,4,1,,rs,wk,,wk,wk,rs,1206,104,86,178,139,130,Dia,Agi,,Fire Breath,Maragi,Cursedi,Mana Bonus,Resist Phys,,,,,Heal,548,577,510,568
Preta,Haunt,4,1,,wk,rs,,wk,wk,nu,981,130,130,130,121,130,Bufu,Mudo,,Mabufu,Life Drain,Discord,Good Aim,Resist Force,,,,,Attack,603,538,603,538
Chagrin,Wilder,4,1,,wk,,rs,,,,1258,104,95,189,147,113,Weakdi,Zio,,Shock,Mazio,Sukukaja,Agility Amp I,Resist Dark,,,,,Support,548,589,529,585
Cu Sith,Beast,3,1,,,,,,nu,,896,159,112,112,147,112,Cleave,Agi,,Amrita,Sweet Bite,Tarukaja,Life Bonus,Resist Fire,,,,,Support,663,532,565,509
Azumi,Brute,3,1,,,rs,wk,,,,896,112,130,112,147,139,Paraladi,Bufu,,Ice Breath,Mabufu,Dia,Life Bonus,Resist Force,,,,,Heal,565,509,603,518
Pixie,Fairy,2,1,,,,rs,,,wk,981,95,112,130,182,112,Zan,Dia,,Recovery Boost,Mazio,Media,Resist Mute,Resist Light,,,,,Heal,529,520,565,529
Slime,Foul,1,1,wk,wk,wk,wk,wk,wk,,891,129,111,111,138,129,Cleave,Life Bonus,,Life Drain,Spirit Drain,Posumudi,Counter,Resist Force,,,,,Attack,600,516,563,507
Chernobog,Reaper,64,4,,,,,,wk,nu,990,193,85,132,144,162,Deadly Poison,Hades Blast,Fog of Death,Sea of Chaos,Dark Sword,Outbreak,Savage Glee,Null Fire,Deadly Mute,Dmg Panel V II,Tempest Slash,Resist Light,Attack,734,571,508,517
Hel,Reaper,60,4,,wk,nu,,,,,981,92,202,130,141,140,Mabufula,Mamudo,Call of Helheim,Ice Breath,Bufudyne,Rattle,Ice Boost,Repel Ice,Merciless Blow,Enduring Soul,Bufudyne,Resist Fire,Attack,522,518,753,573
Mot,Reaper,91,5,rs,rs,,wk,rp,,rp,1178,120,195,172,138,149,Megidolaon,Mamudodyne,Harmonious Death,Mana Gain,Deathtouch,Judgment,Life Surge,Null Phys,Magic Amp II,Auto-Rakuga,Enduring Soul,Resist Elec,Attack,581,578,739,616
Nergal,Reaper,81,5,,rs,wk,,,rs,rp,919,223,78,117,164,169,Berserker God,Meslamtaea,Plague of Babylon,Strength Amp III,Hades Blast,Toxic Sting,Auto-Taraka,Null Light,Savage Glee,Auto-Sukuka,Strength Amp III,Resist Ice,Support,797,569,493,497
Persephone,Reaper,72,4,,wk,nu,,,,nu,1046,94,165,144,158,165,Bufudyne,Mamudoon,Fruit of the Dead,Vengeance,Energy Drain,Prayer,Null Bind,Drain Dark,Acid Breath,Life Gain,War Cry,Resist Elec,Support,526,534,676,570
Dionysus,Zealot,64,4,,nu,wk,nu,,,,1032,112,141,141,134,183,Back Attack,Infernal Mask,Euphoric Frenzy,Luck Amp II,,,,,,,,,Support,565,541,626,556
Ixtab,Reaper,84,5,,,,,,wk,rp,877,128,180,108,154,180,Mamudoon,Bufudyne,Yaxche,Null Weak,Hell Gaze,Mahashibaboon,Berserker,Null Light,Assassin,Insanity,Auto-Rakunda,Mabufudyne,Support,598,512,707,538
Izanami,Megami,89,5,,wk,nu,,,rs,dr,1122,90,226,160,126,160,Bolt Storm,Merciless Blow,Yomotsu Okami,Life Surge,Hell Gaze,Concentrate,Elec Amp,Repel Ice,Auto-Rakunda,Silent Prayer,Maziodyne,Recarmdra,Support,519,551,804,619
Reiko Kashima,Rumor,42,3,,wk,,,,wk,dr,877,117,126,108,142,108,Mudo,Lunge,You're Next,Null Curse,,,,,,,,,,,,,
Halloween Jack,Fairy,65,4,,dr,wk,,,,,1079,103,193,151,124,151,Agilao,Mudoon,Endure,MahaLantine,,,,,,,,,Attack,546,548,735,593
Helper Frost,Fairy,63,4,,wk,dr,,,,,1075,79,179,150,105,140,Bufula,Hamaon,Endure,MahaFrosty,,,,,,,,,Attack,495,534,705,584
Mishaguji,Vile,65,4,,,,,,,,0,0,0,0,0,0,Mazionga,Elec Boost,Arcane Ritual,,Shock,Concentrate,Wild Instinct,Drain Elec,Tetraja,,,,Attack,0,0,0,0